port,avg_sentiment
Costa Maya,0.13191977077363898
Cozumel,0.3938193939393939
Roatan,0.33106802395209584
