port,avg_sentiment
Costa Maya,0.15044739709443097
Cozumel,0.24061923076923075
Roatan,0.2123380281690141
