port,count,proportion
Costa Maya,698,0.3182854537163703
Cozumel,660,0.3009575923392613
Roatan,835,0.3807569539443684
