port,avg_sentiment
Costa Maya,0.16618864767073724
Cozumel,0.20768191632928473
Roatan,0.2067977898060442
