port,count,proportion
Costa Maya,2211,0.3324312133513757
Cozumel,2223,0.3342354533152909
Roatan,2217,0.3333333333333333
