port,avg_sentiment
Costa Maya,0.18187732778198334
Cozumel,0.211020589375727
Roatan,0.21172401618242
