port,avg_sentiment
Costa Maya,0.08910072559366754
Cozumel,0.22361235059760956
Roatan,0.21895501302083334
