port,avg_sentiment
Costa Maya,0.10870710382513663
Cozumel,0.25452585794094174
Roatan,0.23219857357357357
