port,count,proportion
Costa Maya,1516,0.33260201842913556
Cozumel,1506,0.33040807371654235
Roatan,1536,0.3369899078543221
